component_sn,sn,d,t,FLW0,event_name
0000000018-1225-flw-nz,0000000009-4324-oms-nz,2026-03-23T21:34:54.833Z,E,0.005859375,pre-baseline
0000000018-1225-flw-nz,0000000009-4324-oms-nz,2026-03-23T21:34:55.840Z,E,-0.0023437500931322575,pre-baseline
0000000018-1225-flw-nz,0000000009-4324-oms-nz,2026-03-23T21:34:56.848Z,E,-0.0011718750465661287,pre-baseline
0000000018-1225-flw-nz,0000000009-4324-oms-nz,2026-03-23T21:34:57.856Z,E,0.0007812500116415322,pre-baseline
0000000018-1225-flw-nz,0000000009-4324-oms-nz,2026-03-23T21:34:58.863Z,E,0.0031250000465661287,pre-baseline
0000000018-1225-flw-nz,0000000009-4324-oms-nz,2026-03-23T21:34:59.872Z,E,-0.0015625000232830644,pre-baseline
0000000018-1225-flw-nz,0000000009-4324-oms-nz,2026-03-23T21:35:00.879Z,E,-0.0015625000232830644,pre-baseline
0000000018-1225-flw-nz,0000000009-4324-oms-nz,2026-03-23T21:35:01.887Z,E,0.0015625000232830644,pre-baseline
0000000018-1225-flw-nz,0000000009-4324-oms-nz,2026-03-23T21:35:02.894Z,E,0.0,pre-baseline
0000000018-1225-flw-nz,0000000009-4324-oms-nz,2026-03-23T21:35:03.902Z,E,0.0007812500116415322,pre-baseline
0000000018-1225-flw-nz,0000000009-4324-oms-nz,2026-03-23T21:35:04.910Z,E,-0.001953125,pre-baseline
0000000018-1225-flw-nz,0000000009-4324-oms-nz,2026-03-23T21:35:05.918Z,E,-0.0003906250058207661,pre-baseline
0000000018-1225-flw-nz,0000000009-4324-oms-nz,2026-03-23T21:35:06.927Z,E,-0.0007812500116415322,pre-baseline
0000000018-1225-flw-nz,0000000009-4324-oms-nz,2026-03-23T21:35:07.935Z,E,-0.0003906250058207661,pre-baseline
0000000018-1225-flw-nz,0000000009-4324-oms-nz,2026-03-23T21:35:08.944Z,E,-0.0007812500116415322,pre-baseline
0000000018-1225-flw-nz,0000000009-4324-oms-nz,2026-03-23T21:35:09.952Z,E,0.001953125,pre-baseline
0000000018-1225-flw-nz,0000000009-4324-oms-nz,2026-03-23T21:35:10.959Z,E,0.001953125,pre-baseline
0000000018-1225-flw-nz,0000000009-4324-oms-nz,2026-03-23T21:35:11.964Z,E,-0.0035156249068677425,pre-baseline
0000000018-1225-flw-nz,0000000009-4324-oms-nz,2026-03-23T21:35:12.972Z,E,0.0031250000465661287,pre-baseline
0000000018-1225-flw-nz,0000000009-4324-oms-nz,2026-03-23T21:35:13.980Z,E,-0.0011718750465661287,pre-baseline
0000000018-1225-flw-nz,0000000009-4324-oms-nz,2026-03-23T21:35:14.989Z,E,-0.0035156249068677425,AmbientSamplingRFC
0000000018-1225-flw-nz,0000000009-4324-oms-nz,2026-03-23T21:35:15.997Z,E,-0.009765625,AmbientSamplingRFC
0000000018-1225-flw-nz,0000000009-4324-oms-nz,2026-03-23T21:35:17.004Z,E,-0.0011718750465661287,AmbientSamplingRFC
0000000018-1225-flw-nz,0000000009-4324-oms-nz,2026-03-23T21:35:18.012Z,E,0.0003906250058207661,AmbientSamplingRFC
0000000018-1225-flw-nz,0000000009-4324-oms-nz,2026-03-23T21:35:19.020Z,E,-0.0011718750465661287,AmbientSamplingRFC
0000000018-1225-flw-nz,0000000009-4324-oms-nz,2026-03-23T21:35:20.028Z,E,0.0035156249068677425,AmbientSamplingRFC
0000000018-1225-flw-nz,0000000009-4324-oms-nz,2026-03-23T21:35:21.048Z,E,0.0003906250058207661,AmbientSamplingRFC
0000000018-1225-flw-nz,0000000009-4324-oms-nz,2026-03-23T21:35:22.056Z,E,-0.0007812500116415322,AmbientSamplingRFC
0000000018-1225-flw-nz,0000000009-4324-oms-nz,2026-03-23T21:35:23.064Z,E,-0.0007812500116415322,AmbientSamplingRFC
0000000018-1225-flw-nz,0000000009-4324-oms-nz,2026-03-23T21:35:24.072Z,E,0.0015625000232830644,AmbientSamplingRFC
0000000018-1225-flw-nz,0000000009-4324-oms-nz,2026-03-23T21:35:25.079Z,E,-0.0031250000465661287,AmbientSamplingRFC
0000000018-1225-flw-nz,0000000009-4324-oms-nz,2026-03-23T21:35:26.087Z,E,0.0031250000465661287,AmbientSamplingRFC
0000000018-1225-flw-nz,0000000009-4324-oms-nz,2026-03-23T21:35:27.095Z,E,0.0011718750465661287,AmbientSamplingRFC
0000000018-1225-flw-nz,0000000009-4324-oms-nz,2026-03-23T21:35:28.102Z,E,0.0007812500116415322,AmbientSamplingRFC
0000000018-1225-flw-nz,0000000009-4324-oms-nz,2026-03-23T21:35:29.110Z,E,0.0,AmbientSamplingRFC
0000000018-1225-flw-nz,0000000009-4324-oms-nz,2026-03-23T21:35:30.118Z,E,-0.0015625000232830644,AmbientSamplingRFC
0000000018-1225-flw-nz,0000000009-4324-oms-nz,2026-03-23T21:35:31.126Z,E,0.0015625000232830644,AmbientSamplingRFC
0000000018-1225-flw-nz,0000000009-4324-oms-nz,2026-03-23T21:35:32.148Z,E,0.0011718750465661287,AmbientSamplingRFC
0000000018-1225-flw-nz,0000000009-4324-oms-nz,2026-03-23T21:35:33.156Z,E,0.0015625000232830644,AmbientSamplingRFC
0000000018-1225-flw-nz,0000000009-4324-oms-nz,2026-03-23T21:35:34.164Z,E,0.0007812500116415322,AmbientSamplingRFC
0000000018-1225-flw-nz,0000000009-4324-oms-nz,2026-03-23T21:35:35.172Z,E,-0.0011718750465661287,AmbientSamplingRFC
0000000018-1225-flw-nz,0000000009-4324-oms-nz,2026-03-23T21:35:36.179Z,E,0.0003906250058207661,AmbientSamplingRFC
0000000018-1225-flw-nz,0000000009-4324-oms-nz,2026-03-23T21:35:37.187Z,E,-0.0007812500116415322,AmbientSamplingRFC
0000000018-1225-flw-nz,0000000009-4324-oms-nz,2026-03-23T21:35:38.195Z,E,0.0007812500116415322,AmbientSamplingRFC
0000000018-1225-flw-nz,0000000009-4324-oms-nz,2026-03-23T21:35:39.203Z,E,0.001953125,AmbientSamplingRFC
0000000018-1225-flw-nz,0000000009-4324-oms-nz,2026-03-23T21:35:40.211Z,E,0.0,AmbientSamplingRFC
0000000018-1225-flw-nz,0000000009-4324-oms-nz,2026-03-23T21:35:41.218Z,E,0.0003906250058207661,AmbientSamplingRFC
0000000018-1225-flw-nz,0000000009-4324-oms-nz,2026-03-23T21:35:42.226Z,E,0.0003906250058207661,AmbientSamplingRFC
0000000018-1225-flw-nz,0000000009-4324-oms-nz,2026-03-23T21:35:43.234Z,E,-0.0003906250058207661,AmbientSamplingRFC
0000000018-1225-flw-nz,0000000009-4324-oms-nz,2026-03-23T21:35:44.241Z,E,-0.0015625000232830644,AmbientSamplingRFC
0000000018-1225-flw-nz,0000000009-4324-oms-nz,2026-03-23T21:35:45.249Z,E,0.0011718750465661287,AmbientSamplingRFC
0000000018-1225-flw-nz,0000000009-4324-oms-nz,2026-03-23T21:35:46.257Z,E,0.0007812500116415322,AmbientSamplingRFC
0000000018-1225-flw-nz,0000000009-4324-oms-nz,2026-03-23T21:35:47.264Z,E,-0.0007812500116415322,AmbientSamplingRFC
0000000018-1225-flw-nz,0000000009-4324-oms-nz,2026-03-23T21:35:48.272Z,E,0.0042968750931322575,AmbientSamplingRFC
0000000018-1225-flw-nz,0000000009-4324-oms-nz,2026-03-23T21:35:49.282Z,E,0.0015625000232830644,AmbientSamplingRFC
0000000018-1225-flw-nz,0000000009-4324-oms-nz,2026-03-23T21:35:50.289Z,E,0.0003906250058207661,BreathSampleCollection
0000000018-1225-flw-nz,0000000009-4324-oms-nz,2026-03-23T21:35:51.310Z,E,-0.0003906250058207661,BreathSampleCollection
0000000018-1225-flw-nz,0000000009-4324-oms-nz,2026-03-23T21:35:52.318Z,E,0.0011718750465661287,BreathSampleCollection
0000000018-1225-flw-nz,0000000009-4324-oms-nz,2026-03-23T21:35:53.326Z,E,0.0003906250058207661,BreathSampleCollection
0000000018-1225-flw-nz,0000000009-4324-oms-nz,2026-03-23T21:35:54.333Z,E,0.0035156249068677425,BreathSampleCollection
0000000018-1225-flw-nz,0000000009-4324-oms-nz,2026-03-23T21:35:55.341Z,E,0.0015625000232830644,BreathSampleCollection
0000000018-1225-flw-nz,0000000009-4324-oms-nz,2026-03-23T21:35:56.349Z,E,0.0003906250058207661,BreathSampleCollection
0000000018-1225-flw-nz,0000000009-4324-oms-nz,2026-03-23T21:35:57.356Z,E,-0.0003906250058207661,BreathSampleCollection
0000000018-1225-flw-nz,0000000009-4324-oms-nz,2026-03-23T21:35:58.364Z,E,-0.001953125,FeNOWindow
0000000018-1225-flw-nz,0000000009-4324-oms-nz,2026-03-23T21:35:59.372Z,E,-0.0027343749534338713,FeNOWindow
0000000018-1225-flw-nz,0000000009-4324-oms-nz,2026-03-23T21:36:00.379Z,E,-0.0007812500116415322,FeNOWindow
0000000018-1225-flw-nz,0000000009-4324-oms-nz,2026-03-23T21:36:01.386Z,E,0.0007812500116415322,FeNOWindow
0000000018-1225-flw-nz,0000000009-4324-oms-nz,2026-03-23T21:36:02.394Z,E,0.0027343749534338713,FeNOWindow
0000000018-1225-flw-nz,0000000009-4324-oms-nz,2026-03-23T21:36:03.402Z,E,-0.0011718750465661287,FeNOMeasurement
0000000018-1225-flw-nz,0000000009-4324-oms-nz,2026-03-23T21:36:04.409Z,E,0.0042968750931322575,FeNOMeasurement
0000000018-1225-flw-nz,0000000009-4324-oms-nz,2026-03-23T21:36:05.417Z,E,0.0,FeNOMeasurement
0000000018-1225-flw-nz,0000000009-4324-oms-nz,2026-03-23T21:36:06.425Z,E,-0.0003906250058207661,FeNOMeasurement
0000000018-1225-flw-nz,0000000009-4324-oms-nz,2026-03-23T21:36:07.433Z,E,-0.0027343749534338713,FeNOMeasurement
0000000018-1225-flw-nz,0000000009-4324-oms-nz,2026-03-23T21:36:08.441Z,E,-0.0023437500931322575,FeNOMeasurement
0000000018-1225-flw-nz,0000000009-4324-oms-nz,2026-03-23T21:36:09.464Z,E,0.0023437500931322575,FeNOMeasurement
0000000018-1225-flw-nz,0000000009-4324-oms-nz,2026-03-23T21:36:10.472Z,E,-0.0007812500116415322,FeNOMeasurement
0000000018-1225-flw-nz,0000000009-4324-oms-nz,2026-03-23T21:36:11.481Z,E,0.0011718750465661287,FeNOMeasurement
0000000018-1225-flw-nz,0000000009-4324-oms-nz,2026-03-23T21:36:12.491Z,E,0.0003906250058207661,FeNOMeasurement
0000000018-1225-flw-nz,0000000009-4324-oms-nz,2026-03-23T21:36:13.511Z,E,0.0007812500116415322,FeNOMeasurement
0000000018-1225-flw-nz,0000000009-4324-oms-nz,2026-03-23T21:36:14.519Z,E,0.0,FeNOMeasurement
0000000018-1225-flw-nz,0000000009-4324-oms-nz,2026-03-23T21:36:15.527Z,E,0.0011718750465661287,FeNOMeasurement
0000000018-1225-flw-nz,0000000009-4324-oms-nz,2026-03-23T21:36:16.535Z,E,-0.0003906250058207661,FeNOMeasurement
0000000018-1225-flw-nz,0000000009-4324-oms-nz,2026-03-23T21:36:17.542Z,E,0.0031250000465661287,FeNOMeasurement
0000000018-1225-flw-nz,0000000009-4324-oms-nz,2026-03-23T21:36:18.550Z,E,0.0003906250058207661,FeNOMeasurement
0000000018-1225-flw-nz,0000000009-4324-oms-nz,2026-03-23T21:36:19.558Z,E,-0.001953125,FeNOMeasurement
0000000018-1225-flw-nz,0000000009-4324-oms-nz,2026-03-23T21:36:20.565Z,E,-0.0015625000232830644,FeNOMeasurement
0000000018-1225-flw-nz,0000000009-4324-oms-nz,2026-03-23T21:36:21.573Z,E,-0.0003906250058207661,FeNOMeasurement
0000000018-1225-flw-nz,0000000009-4324-oms-nz,2026-03-23T21:36:22.581Z,E,0.0007812500116415322,FeNOMeasurement
0000000018-1225-flw-nz,0000000009-4324-oms-nz,2026-03-23T21:36:23.589Z,E,0.0011718750465661287,FeNOMeasurement
0000000018-1225-flw-nz,0000000009-4324-oms-nz,2026-03-23T21:36:24.597Z,E,0.0007812500116415322,FeNOMeasurement
0000000018-1225-flw-nz,0000000009-4324-oms-nz,2026-03-23T21:36:25.607Z,E,-0.0003906250058207661,FeNOMeasurement
0000000018-1225-flw-nz,0000000009-4324-oms-nz,2026-03-23T21:36:26.628Z,E,0.0003906250058207661,FeNOMeasurement
0000000018-1225-flw-nz,0000000009-4324-oms-nz,2026-03-23T21:36:27.635Z,E,0.0003906250058207661,FeNOMeasurement
0000000018-1225-flw-nz,0000000009-4324-oms-nz,2026-03-23T21:36:28.643Z,E,0.0007812500116415322,FeNOMeasurement
0000000018-1225-flw-nz,0000000009-4324-oms-nz,2026-03-23T21:36:29.651Z,E,0.0,FeNOMeasurement
0000000018-1225-flw-nz,0000000009-4324-oms-nz,2026-03-23T21:36:30.659Z,E,0.0007812500116415322,FeNOMeasurement
0000000018-1225-flw-nz,0000000009-4324-oms-nz,2026-03-23T21:36:31.667Z,E,0.0,FeNOMeasurement
0000000018-1225-flw-nz,0000000009-4324-oms-nz,2026-03-23T21:36:32.674Z,E,0.001953125,FeNOMeasurement
0000000018-1225-flw-nz,0000000009-4324-oms-nz,2026-03-23T21:36:33.681Z,E,0.0023437500931322575,FeNOMeasurement
0000000018-1225-flw-nz,0000000009-4324-oms-nz,2026-03-23T21:36:34.689Z,E,0.0011718750465661287,recoveryOff
0000000018-1225-flw-nz,0000000009-4324-oms-nz,2026-03-23T21:36:35.696Z,E,-0.0003906250058207661,recoveryOff
0000000018-1225-flw-nz,0000000009-4324-oms-nz,2026-03-23T21:36:36.705Z,E,-0.0003906250058207661,recoveryOff
0000000018-1225-flw-nz,0000000009-4324-oms-nz,2026-03-23T21:36:37.712Z,E,-0.0003906250058207661,recoveryOff
0000000018-1225-flw-nz,0000000009-4324-oms-nz,2026-03-23T21:36:38.719Z,E,-0.0023437500931322575,recoveryOff
0000000018-1225-flw-nz,0000000009-4324-oms-nz,2026-03-23T21:36:39.727Z,E,-0.0054687499068677425,recoveryOff
0000000018-1225-flw-nz,0000000009-4324-oms-nz,2026-03-23T21:36:40.734Z,E,0.0,recoveryOff
0000000018-1225-flw-nz,0000000009-4324-oms-nz,2026-03-23T21:36:41.743Z,E,0.0027343749534338713,recoveryOff
0000000018-1225-flw-nz,0000000009-4324-oms-nz,2026-03-23T21:36:42.750Z,E,0.0023437500931322575,recoveryOff
0000000018-1225-flw-nz,0000000009-4324-oms-nz,2026-03-23T21:36:43.757Z,E,0.0007812500116415322,recoveryOff
0000000018-1225-flw-nz,0000000009-4324-oms-nz,2026-03-23T21:36:44.766Z,E,0.0,recoveryOff
0000000018-1225-flw-nz,0000000009-4324-oms-nz,2026-03-23T21:36:45.775Z,E,-0.0003906250058207661,recoveryOff
0000000018-1225-flw-nz,0000000009-4324-oms-nz,2026-03-23T21:36:46.780Z,E,0.0027343749534338713,recoveryOff
0000000018-1225-flw-nz,0000000009-4324-oms-nz,2026-03-23T21:36:47.788Z,E,-0.004687500186264515,recoveryOff
0000000018-1225-flw-nz,0000000009-4324-oms-nz,2026-03-23T21:36:48.796Z,E,-0.0078125,recoveryOff
0000000018-1225-flw-nz,0000000009-4324-oms-nz,2026-03-23T21:36:49.804Z,E,0.001953125,recoveryOff
0000000018-1225-flw-nz,0000000009-4324-oms-nz,2026-03-23T21:36:50.812Z,E,-0.0007812500116415322,recoveryOff
0000000018-1225-flw-nz,0000000009-4324-oms-nz,2026-03-23T21:36:51.821Z,E,-0.0023437500931322575,recoveryOff
0000000018-1225-flw-nz,0000000009-4324-oms-nz,2026-03-23T21:36:52.827Z,E,-0.0015625000232830644,recoveryOff
0000000018-1225-flw-nz,0000000009-4324-oms-nz,2026-03-23T21:36:53.836Z,E,0.0007812500116415322,recoveryOff
0000000018-1225-flw-nz,0000000009-4324-oms-nz,2026-03-23T21:36:54.842Z,E,-0.0015625000232830644,recoveryOff
0000000018-1225-flw-nz,0000000009-4324-oms-nz,2026-03-23T21:36:55.850Z,E,0.001953125,recoveryOff
0000000018-1225-flw-nz,0000000009-4324-oms-nz,2026-03-23T21:36:56.858Z,E,-0.0011718750465661287,recoveryOff
0000000018-1225-flw-nz,0000000009-4324-oms-nz,2026-03-23T21:36:57.866Z,E,0.0007812500116415322,recoveryOff
0000000018-1225-flw-nz,0000000009-4324-oms-nz,2026-03-23T21:36:58.875Z,E,-0.001953125,recoveryOff
0000000018-1225-flw-nz,0000000009-4324-oms-nz,2026-03-23T21:36:59.881Z,E,0.0027343749534338713,recoveryOff
0000000018-1225-flw-nz,0000000009-4324-oms-nz,2026-03-23T21:37:00.890Z,E,-0.0003906250058207661,recoveryOff
0000000018-1225-flw-nz,0000000009-4324-oms-nz,2026-03-23T21:37:01.896Z,E,-0.0011718750465661287,recoveryOff
0000000018-1225-flw-nz,0000000009-4324-oms-nz,2026-03-23T21:37:02.905Z,E,-0.0027343749534338713,recoveryOff
0000000018-1225-flw-nz,0000000009-4324-oms-nz,2026-03-23T21:37:03.914Z,E,0.005859375,recoveryOff
0000000018-1225-flw-nz,0000000009-4324-oms-nz,2026-03-23T21:37:04.935Z,E,-0.0023437500931322575,recoveryOff
0000000018-1225-flw-nz,0000000009-4324-oms-nz,2026-03-23T21:37:05.944Z,E,-0.0027343749534338713,recoveryOff
0000000018-1225-flw-nz,0000000009-4324-oms-nz,2026-03-23T21:37:06.967Z,E,0.0003906250058207661,recoveryOff
0000000018-1225-flw-nz,0000000009-4324-oms-nz,2026-03-23T21:37:07.976Z,E,0.0003906250058207661,recoveryOff
0000000018-1225-flw-nz,0000000009-4324-oms-nz,2026-03-23T21:37:08.982Z,E,0.0035156249068677425,recoveryOff
0000000018-1225-flw-nz,0000000009-4324-oms-nz,2026-03-23T21:37:09.990Z,E,-0.0015625000232830644,recoveryOff
0000000018-1225-flw-nz,0000000009-4324-oms-nz,2026-03-23T21:37:10.997Z,E,0.0011718750465661287,recoveryOff
0000000018-1225-flw-nz,0000000009-4324-oms-nz,2026-03-23T21:37:12.005Z,E,0.0,recoveryOff
0000000018-1225-flw-nz,0000000009-4324-oms-nz,2026-03-23T21:37:13.013Z,E,-0.0011718750465661287,recoveryOff
0000000018-1225-flw-nz,0000000009-4324-oms-nz,2026-03-23T21:37:14.021Z,E,0.0007812500116415322,recoveryOff
0000000018-1225-flw-nz,0000000009-4324-oms-nz,2026-03-23T21:37:15.028Z,E,0.0,recoveryOff
0000000018-1225-flw-nz,0000000009-4324-oms-nz,2026-03-23T21:37:16.036Z,E,0.0003906250058207661,recoveryOff
0000000018-1225-flw-nz,0000000009-4324-oms-nz,2026-03-23T21:37:17.044Z,E,0.0003906250058207661,recoveryOff
0000000018-1225-flw-nz,0000000009-4324-oms-nz,2026-03-23T21:37:18.051Z,E,-0.0007812500116415322,recoveryOff
0000000018-1225-flw-nz,0000000009-4324-oms-nz,2026-03-23T21:37:19.059Z,E,-0.0011718750465661287,recoveryOff
0000000018-1225-flw-nz,0000000009-4324-oms-nz,2026-03-23T21:37:20.067Z,E,0.0003906250058207661,recoveryOff
0000000018-1225-flw-nz,0000000009-4324-oms-nz,2026-03-23T21:37:21.075Z,E,0.0,recoveryOff
0000000018-1225-flw-nz,0000000009-4324-oms-nz,2026-03-23T21:37:22.083Z,E,-0.0011718750465661287,recoveryOff
0000000018-1225-flw-nz,0000000009-4324-oms-nz,2026-03-23T21:37:23.090Z,E,0.0062500000931322575,recoveryOff
0000000018-1225-flw-nz,0000000009-4324-oms-nz,2026-03-23T21:37:24.097Z,E,-0.0003906250058207661,recoveryOff
0000000018-1225-flw-nz,0000000009-4324-oms-nz,2026-03-23T21:37:25.105Z,E,0.0,recoveryOff
0000000018-1225-flw-nz,0000000009-4324-oms-nz,2026-03-23T21:37:26.114Z,E,-0.0003906250058207661,recoveryOff
0000000018-1225-flw-nz,0000000009-4324-oms-nz,2026-03-23T21:37:27.120Z,E,0.0003906250058207661,recoveryOff
0000000018-1225-flw-nz,0000000009-4324-oms-nz,2026-03-23T21:37:28.128Z,E,0.0007812500116415322,recoveryOff
0000000018-1225-flw-nz,0000000009-4324-oms-nz,2026-03-23T21:37:29.135Z,E,0.0003906250058207661,recoveryOff
0000000018-1225-flw-nz,0000000009-4324-oms-nz,2026-03-23T21:37:30.143Z,E,-0.0015625000232830644,recoveryOff
0000000018-1225-flw-nz,0000000009-4324-oms-nz,2026-03-23T21:37:31.151Z,E,0.0007812500116415322,recoveryOff
0000000018-1225-flw-nz,0000000009-4324-oms-nz,2026-03-23T21:37:32.159Z,E,0.0031250000465661287,recoveryOff
0000000018-1225-flw-nz,0000000009-4324-oms-nz,2026-03-23T21:37:33.166Z,E,-0.0003906250058207661,recoveryOff
0000000018-1225-flw-nz,0000000009-4324-oms-nz,2026-03-23T21:37:34.173Z,E,-0.0035156249068677425,recoveryOff
0000000018-1225-flw-nz,0000000009-4324-oms-nz,2026-03-23T21:37:35.181Z,E,0.0007812500116415322,recoveryOff
0000000018-1225-flw-nz,0000000009-4324-oms-nz,2026-03-23T21:37:36.189Z,E,0.005859375,End
0000000018-1225-flw-nz,0000000009-4324-oms-nz,2026-03-23T21:37:37.197Z,E,0.0015625000232830644,End
0000000018-1225-flw-nz,0000000009-4324-oms-nz,2026-03-23T21:37:38.204Z,E,0.0007812500116415322,End
