component_sn,sn,d,t,T0,H0,event_name
0000000009-3225-gns-nz,0000000009-1625-oms-nz,2026-03-18T15:48:24.091Z,E,23.03,16.23,AmbientSamplingRFC
0000000009-3225-gns-nz,0000000009-1625-oms-nz,2026-03-18T15:48:25.097Z,E,23.03,16.21,AmbientSamplingRFC
0000000009-3225-gns-nz,0000000009-1625-oms-nz,2026-03-18T15:48:26.105Z,E,23.03,16.19,AmbientSamplingRFC
0000000009-3225-gns-nz,0000000009-1625-oms-nz,2026-03-18T15:48:27.112Z,E,23.03,16.19,AmbientSamplingRFC
0000000009-3225-gns-nz,0000000009-1625-oms-nz,2026-03-18T15:48:28.118Z,E,23.02,16.15,AmbientSamplingRFC
0000000009-3225-gns-nz,0000000009-1625-oms-nz,2026-03-18T15:48:29.123Z,E,23.03,16.23,AmbientSamplingRFC
0000000009-3225-gns-nz,0000000009-1625-oms-nz,2026-03-18T15:48:30.181Z,E,23.03,16.2,AmbientSamplingRFC
0000000009-3225-gns-nz,0000000009-1625-oms-nz,2026-03-18T15:48:31.188Z,E,23.02,16.25,AmbientSamplingRFC
0000000009-3225-gns-nz,0000000009-1625-oms-nz,2026-03-18T15:48:32.194Z,E,23.03,16.24,AmbientSamplingRFC
0000000009-3225-gns-nz,0000000009-1625-oms-nz,2026-03-18T15:48:33.200Z,E,23.03,16.21,AmbientSamplingRFC
0000000009-3225-gns-nz,0000000009-1625-oms-nz,2026-03-18T15:48:34.205Z,E,23.03,16.18,AmbientSamplingRFC
0000000009-3225-gns-nz,0000000009-1625-oms-nz,2026-03-18T15:48:35.210Z,E,23.02,16.21,AmbientSamplingRFC
0000000009-3225-gns-nz,0000000009-1625-oms-nz,2026-03-18T15:48:36.218Z,E,23.03,16.19,AmbientSamplingRFC
0000000009-3225-gns-nz,0000000009-1625-oms-nz,2026-03-18T15:48:37.224Z,E,23.03,16.2,AmbientSamplingRFC
0000000009-3225-gns-nz,0000000009-1625-oms-nz,2026-03-18T15:48:38.230Z,E,23.03,16.22,AmbientSamplingRFC
0000000009-3225-gns-nz,0000000009-1625-oms-nz,2026-03-18T15:48:39.237Z,E,23.03,16.24,AmbientSamplingRFC
0000000009-3225-gns-nz,0000000009-1625-oms-nz,2026-03-18T15:48:40.292Z,E,23.03,16.18,AmbientSamplingRFC
0000000009-3225-gns-nz,0000000009-1625-oms-nz,2026-03-18T15:48:41.297Z,E,23.03,16.19,AmbientSamplingRFC
0000000009-3225-gns-nz,0000000009-1625-oms-nz,2026-03-18T15:48:42.304Z,E,23.05,16.16,AmbientSamplingRFC
0000000009-3225-gns-nz,0000000009-1625-oms-nz,2026-03-18T15:48:43.310Z,E,23.02,16.18,AmbientSamplingRFC
0000000009-3225-gns-nz,0000000009-1625-oms-nz,2026-03-18T15:48:44.315Z,E,23.02,16.13,AmbientSamplingRFC
0000000009-3225-gns-nz,0000000009-1625-oms-nz,2026-03-18T15:48:45.321Z,E,23.04,16.15,AmbientSamplingRFC
0000000009-3225-gns-nz,0000000009-1625-oms-nz,2026-03-18T15:48:46.327Z,E,23.01,16.14,AmbientSamplingRFC
0000000009-3225-gns-nz,0000000009-1625-oms-nz,2026-03-18T15:48:47.334Z,E,23.03,16.12,AmbientSamplingRFC
0000000009-3225-gns-nz,0000000009-1625-oms-nz,2026-03-18T15:48:48.340Z,E,23.01,16.12,AmbientSamplingRFC
0000000009-3225-gns-nz,0000000009-1625-oms-nz,2026-03-18T15:48:49.346Z,E,23.01,16.11,AmbientSamplingRFC
0000000009-3225-gns-nz,0000000009-1625-oms-nz,2026-03-18T15:48:50.355Z,E,23.03,16.13,AmbientSamplingRFC
0000000009-3225-gns-nz,0000000009-1625-oms-nz,2026-03-18T15:48:51.413Z,E,23.01,16.1,AmbientSamplingRFC
0000000009-3225-gns-nz,0000000009-1625-oms-nz,2026-03-18T15:48:52.420Z,E,23.02,16.11,AmbientSamplingRFC
0000000009-3225-gns-nz,0000000009-1625-oms-nz,2026-03-18T15:48:53.425Z,E,23.02,16.11,AmbientSamplingRFC
0000000009-3225-gns-nz,0000000009-1625-oms-nz,2026-03-18T15:48:54.433Z,E,23.01,16.1,AmbientSamplingRFC
0000000009-3225-gns-nz,0000000009-1625-oms-nz,2026-03-18T15:48:55.439Z,E,23.03,16.05,BreathSampleCollection
0000000009-3225-gns-nz,0000000009-1625-oms-nz,2026-03-18T15:49:01.475Z,E,23.03,16.11,BreathSampleCollection
0000000009-3225-gns-nz,0000000009-1625-oms-nz,2026-03-18T15:49:02.533Z,E,23.02,16.14,BreathSampleCollection
0000000009-3225-gns-nz,0000000009-1625-oms-nz,2026-03-18T15:49:03.539Z,E,23.02,16.4,FeNOWindow
0000000009-3225-gns-nz,0000000009-1625-oms-nz,2026-03-18T15:49:04.545Z,E,23.05,16.84,FeNOWindow
0000000009-3225-gns-nz,0000000009-1625-oms-nz,2026-03-18T15:49:10.597Z,E,23.09,18.68,FeNOMeasurement
0000000009-3225-gns-nz,0000000009-1625-oms-nz,2026-03-18T15:49:11.602Z,E,23.09,19.05,FeNOMeasurement
0000000009-3225-gns-nz,0000000009-1625-oms-nz,2026-03-18T15:49:12.609Z,E,23.08,19.24,FeNOMeasurement
0000000009-3225-gns-nz,0000000009-1625-oms-nz,2026-03-18T15:49:13.615Z,E,23.1,19.28,FeNOMeasurement
0000000009-3225-gns-nz,0000000009-1625-oms-nz,2026-03-18T15:49:14.621Z,E,23.08,19.22,FeNOMeasurement
0000000009-3225-gns-nz,0000000009-1625-oms-nz,2026-03-18T15:49:15.676Z,E,23.07,19.09,FeNOMeasurement
0000000009-3225-gns-nz,0000000009-1625-oms-nz,2026-03-18T15:49:16.683Z,E,23.09,18.94,FeNOMeasurement
0000000009-3225-gns-nz,0000000009-1625-oms-nz,2026-03-18T15:49:17.690Z,E,23.09,18.8,FeNOMeasurement
0000000009-3225-gns-nz,0000000009-1625-oms-nz,2026-03-18T15:49:18.697Z,E,23.11,18.66,FeNOMeasurement
0000000009-3225-gns-nz,0000000009-1625-oms-nz,2026-03-18T15:49:19.704Z,E,23.1,18.56,FeNOMeasurement
0000000009-3225-gns-nz,0000000009-1625-oms-nz,2026-03-18T15:49:20.712Z,E,23.11,18.42,FeNOMeasurement
0000000009-3225-gns-nz,0000000009-1625-oms-nz,2026-03-18T15:49:21.718Z,E,23.09,18.31,FeNOMeasurement
0000000009-3225-gns-nz,0000000009-1625-oms-nz,2026-03-18T15:49:22.727Z,E,23.1,18.25,FeNOMeasurement
0000000009-3225-gns-nz,0000000009-1625-oms-nz,2026-03-18T15:49:23.733Z,E,23.1,18.21,FeNOMeasurement
0000000009-3225-gns-nz,0000000009-1625-oms-nz,2026-03-18T15:49:24.740Z,E,23.1,18.13,FeNOMeasurement
0000000009-3225-gns-nz,0000000009-1625-oms-nz,2026-03-18T15:49:25.748Z,E,23.1,18.08,FeNOMeasurement
0000000009-3225-gns-nz,0000000009-1625-oms-nz,2026-03-18T15:49:26.755Z,E,23.09,18.02,FeNOMeasurement
0000000009-3225-gns-nz,0000000009-1625-oms-nz,2026-03-18T15:49:27.761Z,E,23.11,17.95,FeNOMeasurement
0000000009-3225-gns-nz,0000000009-1625-oms-nz,2026-03-18T15:49:28.817Z,E,23.09,17.93,FeNOMeasurement
0000000009-3225-gns-nz,0000000009-1625-oms-nz,2026-03-18T15:49:29.823Z,E,23.1,17.88,FeNOMeasurement
0000000009-3225-gns-nz,0000000009-1625-oms-nz,2026-03-18T15:49:30.828Z,E,23.09,17.88,FeNOMeasurement
0000000009-3225-gns-nz,0000000009-1625-oms-nz,2026-03-18T15:49:31.835Z,E,23.09,17.79,FeNOMeasurement
0000000009-3225-gns-nz,0000000009-1625-oms-nz,2026-03-18T15:49:32.840Z,E,23.08,17.76,FeNOMeasurement
0000000009-3225-gns-nz,0000000009-1625-oms-nz,2026-03-18T15:49:33.848Z,E,23.1,17.71,FeNOMeasurement
0000000009-3225-gns-nz,0000000009-1625-oms-nz,2026-03-18T15:49:34.853Z,E,23.1,17.7,FeNOMeasurement
0000000009-3225-gns-nz,0000000009-1625-oms-nz,2026-03-18T15:49:35.858Z,E,23.1,17.67,FeNOMeasurement
0000000009-3225-gns-nz,0000000009-1625-oms-nz,2026-03-18T15:49:36.864Z,E,23.1,17.63,FeNOMeasurement
0000000009-3225-gns-nz,0000000009-1625-oms-nz,2026-03-18T15:49:37.871Z,E,23.09,17.58,FeNOMeasurement
0000000009-3225-gns-nz,0000000009-1625-oms-nz,2026-03-18T15:49:38.927Z,E,23.1,17.56,FeNOMeasurement
0000000009-3225-gns-nz,0000000009-1625-oms-nz,2026-03-18T15:49:39.934Z,E,23.08,17.54,recoveryOff
0000000009-3225-gns-nz,0000000009-1625-oms-nz,2026-03-18T15:49:40.941Z,E,23.09,17.49,recoveryOff
0000000009-3225-gns-nz,0000000009-1625-oms-nz,2026-03-18T15:49:41.946Z,E,23.11,17.49,recoveryOff
0000000009-3225-gns-nz,0000000009-1625-oms-nz,2026-03-18T15:49:42.951Z,E,23.09,17.46,recoveryOff
0000000009-3225-gns-nz,0000000009-1625-oms-nz,2026-03-18T15:49:43.958Z,E,23.11,17.41,recoveryOff
0000000009-3225-gns-nz,0000000009-1625-oms-nz,2026-03-18T15:49:44.964Z,E,23.09,17.41,recoveryOff
0000000009-3225-gns-nz,0000000009-1625-oms-nz,2026-03-18T15:49:45.969Z,E,23.11,17.36,recoveryOff
0000000009-3225-gns-nz,0000000009-1625-oms-nz,2026-03-18T15:49:46.975Z,E,23.08,17.35,recoveryOff
0000000009-3225-gns-nz,0000000009-1625-oms-nz,2026-03-18T15:49:47.981Z,E,23.07,17.35,recoveryOff
0000000009-3225-gns-nz,0000000009-1625-oms-nz,2026-03-18T15:49:49.039Z,E,23.07,17.32,recoveryOff
0000000009-3225-gns-nz,0000000009-1625-oms-nz,2026-03-18T15:49:50.044Z,E,23.09,17.28,recoveryOff
0000000009-3225-gns-nz,0000000009-1625-oms-nz,2026-03-18T15:49:51.052Z,E,23.1,17.24,recoveryOff
0000000009-3225-gns-nz,0000000009-1625-oms-nz,2026-03-18T15:49:52.057Z,E,23.08,17.23,recoveryOff
0000000009-3225-gns-nz,0000000009-1625-oms-nz,2026-03-18T15:49:53.062Z,E,23.09,17.18,recoveryOff
0000000009-3225-gns-nz,0000000009-1625-oms-nz,2026-03-18T15:49:54.069Z,E,23.09,17.17,recoveryOff
0000000009-3225-gns-nz,0000000009-1625-oms-nz,2026-03-18T15:49:55.075Z,E,23.08,17.14,recoveryOff
0000000009-3225-gns-nz,0000000009-1625-oms-nz,2026-03-18T15:49:56.080Z,E,23.09,17.13,recoveryOff
0000000009-3225-gns-nz,0000000009-1625-oms-nz,2026-03-18T15:49:57.086Z,E,23.08,17.11,recoveryOff
0000000009-3225-gns-nz,0000000009-1625-oms-nz,2026-03-18T15:49:58.091Z,E,23.1,17.12,recoveryOff
0000000009-3225-gns-nz,0000000009-1625-oms-nz,2026-03-18T15:49:59.146Z,E,23.08,17.09,recoveryOff
0000000009-3225-gns-nz,0000000009-1625-oms-nz,2026-03-18T15:50:00.154Z,E,23.09,17.08,recoveryOff
0000000009-3225-gns-nz,0000000009-1625-oms-nz,2026-03-18T15:50:01.160Z,E,23.07,17.05,recoveryOff
0000000009-3225-gns-nz,0000000009-1625-oms-nz,2026-03-18T15:50:02.164Z,E,23.07,17.04,recoveryOff
0000000009-3225-gns-nz,0000000009-1625-oms-nz,2026-03-18T15:50:03.176Z,E,23.1,16.96,recoveryOff
0000000009-3225-gns-nz,0000000009-1625-oms-nz,2026-03-18T15:50:04.185Z,E,23.07,16.98,recoveryOff
0000000009-3225-gns-nz,0000000009-1625-oms-nz,2026-03-18T15:50:05.192Z,E,23.08,17.01,recoveryOff
0000000009-3225-gns-nz,0000000009-1625-oms-nz,2026-03-18T15:50:06.199Z,E,23.08,16.98,recoveryOff
0000000009-3225-gns-nz,0000000009-1625-oms-nz,2026-03-18T15:50:07.206Z,E,23.09,16.97,recoveryOff
0000000009-3225-gns-nz,0000000009-1625-oms-nz,2026-03-18T15:50:08.211Z,E,23.07,16.94,recoveryOff
0000000009-3225-gns-nz,0000000009-1625-oms-nz,2026-03-18T15:50:09.218Z,E,23.09,16.88,recoveryOff
0000000009-3225-gns-nz,0000000009-1625-oms-nz,2026-03-18T15:50:10.223Z,E,23.07,16.9,recoveryOff
0000000009-3225-gns-nz,0000000009-1625-oms-nz,2026-03-18T15:50:11.279Z,E,23.07,16.86,recoveryOff
0000000009-3225-gns-nz,0000000009-1625-oms-nz,2026-03-18T15:50:12.285Z,E,23.08,16.9,recoveryOff
0000000009-3225-gns-nz,0000000009-1625-oms-nz,2026-03-18T15:50:13.292Z,E,23.07,16.87,recoveryOff
0000000009-3225-gns-nz,0000000009-1625-oms-nz,2026-03-18T15:50:14.299Z,E,23.09,16.83,recoveryOff
0000000009-3225-gns-nz,0000000009-1625-oms-nz,2026-03-18T15:50:15.306Z,E,23.07,16.84,recoveryOff
0000000009-3225-gns-nz,0000000009-1625-oms-nz,2026-03-18T15:50:16.312Z,E,23.08,16.79,recoveryOff
0000000009-3225-gns-nz,0000000009-1625-oms-nz,2026-03-18T15:50:17.323Z,E,23.09,16.81,recoveryOff
0000000009-3225-gns-nz,0000000009-1625-oms-nz,2026-03-18T15:50:18.329Z,E,23.07,16.78,recoveryOff
0000000009-3225-gns-nz,0000000009-1625-oms-nz,2026-03-18T15:50:19.339Z,E,23.06,16.73,recoveryOff
0000000009-3225-gns-nz,0000000009-1625-oms-nz,2026-03-18T15:50:20.346Z,E,23.07,16.78,recoveryOff
0000000009-3225-gns-nz,0000000009-1625-oms-nz,2026-03-18T15:50:21.355Z,E,23.07,16.78,recoveryOff
0000000009-3225-gns-nz,0000000009-1625-oms-nz,2026-03-18T15:50:22.362Z,E,23.07,16.71,recoveryOff
0000000009-3225-gns-nz,0000000009-1625-oms-nz,2026-03-18T15:50:23.367Z,E,23.08,16.68,recoveryOff
0000000009-3225-gns-nz,0000000009-1625-oms-nz,2026-03-18T15:50:24.423Z,E,23.09,16.72,recoveryOff
0000000009-3225-gns-nz,0000000009-1625-oms-nz,2026-03-18T15:50:25.429Z,E,23.07,16.67,recoveryOff
0000000009-3225-gns-nz,0000000009-1625-oms-nz,2026-03-18T15:50:26.434Z,E,23.08,16.65,recoveryOff
0000000009-3225-gns-nz,0000000009-1625-oms-nz,2026-03-18T15:50:27.443Z,E,23.07,16.71,recoveryOff
0000000009-3225-gns-nz,0000000009-1625-oms-nz,2026-03-18T15:50:28.454Z,E,23.07,16.68,recoveryOff
0000000009-3225-gns-nz,0000000009-1625-oms-nz,2026-03-18T15:50:29.460Z,E,23.09,16.64,recoveryOff
0000000009-3225-gns-nz,0000000009-1625-oms-nz,2026-03-18T15:50:30.467Z,E,23.09,16.65,recoveryOff
0000000009-3225-gns-nz,0000000009-1625-oms-nz,2026-03-18T15:50:31.476Z,E,23.08,16.66,recoveryOff
0000000009-3225-gns-nz,0000000009-1625-oms-nz,2026-03-18T15:50:32.482Z,E,23.08,16.58,recoveryOff
0000000009-3225-gns-nz,0000000009-1625-oms-nz,2026-03-18T15:50:33.489Z,E,23.08,16.6,recoveryOff
0000000009-3225-gns-nz,0000000009-1625-oms-nz,2026-03-18T15:50:34.499Z,E,23.09,16.57,recoveryOff
0000000009-3225-gns-nz,0000000009-1625-oms-nz,2026-03-18T15:50:35.505Z,E,23.09,16.6,recoveryOff
0000000009-3225-gns-nz,0000000009-1625-oms-nz,2026-03-18T15:50:36.511Z,E,23.07,16.56,recoveryOff
0000000009-3225-gns-nz,0000000009-1625-oms-nz,2026-03-18T15:50:37.567Z,E,23.09,16.56,recoveryOff
0000000009-3225-gns-nz,0000000009-1625-oms-nz,2026-03-18T15:50:38.573Z,E,23.08,16.55,recoveryOff
0000000009-3225-gns-nz,0000000009-1625-oms-nz,2026-03-18T15:50:39.579Z,E,23.09,16.47,recoveryOff
