component_sn,sn,d,t,SETP0,FLW0,ANLT0,event_name
0000000018-4324-mfc-nz,0000000009-1625-oms-nz,2026-03-18T17:06:22.067Z,E,0,0.56,21470046,pre-baseline
0000000018-4324-mfc-nz,0000000009-1625-oms-nz,2026-03-18T17:06:23.078Z,E,1340,1341.6001,21470046,AmbientSamplingRFC
0000000018-4324-mfc-nz,0000000009-1625-oms-nz,2026-03-18T17:06:24.086Z,E,1340,1337.84,21470046,AmbientSamplingRFC
0000000018-4324-mfc-nz,0000000009-1625-oms-nz,2026-03-18T17:06:25.095Z,E,1340,1339.5199,21470046,AmbientSamplingRFC
0000000018-4324-mfc-nz,0000000009-1625-oms-nz,2026-03-18T17:06:26.104Z,E,1340,1339.4399,21470046,AmbientSamplingRFC
0000000018-4324-mfc-nz,0000000009-1625-oms-nz,2026-03-18T17:06:27.112Z,E,1340,1340.1599,21470046,AmbientSamplingRFC
0000000018-4324-mfc-nz,0000000009-1625-oms-nz,2026-03-18T17:06:28.122Z,E,1340,1340.0,21470046,AmbientSamplingRFC
0000000018-4324-mfc-nz,0000000009-1625-oms-nz,2026-03-18T17:06:29.130Z,E,1340,1339.9999,21470046,AmbientSamplingRFC
0000000018-4324-mfc-nz,0000000009-1625-oms-nz,2026-03-18T17:06:30.138Z,E,1340,1338.5598,21470046,AmbientSamplingRFC
0000000018-4324-mfc-nz,0000000009-1625-oms-nz,2026-03-18T17:06:31.147Z,E,1340,1338.8799,21470046,AmbientSamplingRFC
0000000018-4324-mfc-nz,0000000009-1625-oms-nz,2026-03-18T17:06:32.157Z,E,1340,1338.8798,21470046,AmbientSamplingRFC
0000000018-4324-mfc-nz,0000000009-1625-oms-nz,2026-03-18T17:06:33.165Z,E,1340,1340.6399,21470046,AmbientSamplingRFC
0000000018-4324-mfc-nz,0000000009-1625-oms-nz,2026-03-18T17:06:34.174Z,E,1340,1340.3198,21470046,AmbientSamplingRFC
0000000018-4324-mfc-nz,0000000009-1625-oms-nz,2026-03-18T17:06:35.183Z,E,1340,1339.9199,21470046,AmbientSamplingRFC
0000000018-4324-mfc-nz,0000000009-1625-oms-nz,2026-03-18T17:06:36.191Z,E,1340,1340.3201,21470046,AmbientSamplingRFC
0000000018-4324-mfc-nz,0000000009-1625-oms-nz,2026-03-18T17:06:37.199Z,E,1340,1340.24,21470046,AmbientSamplingRFC
0000000018-4324-mfc-nz,0000000009-1625-oms-nz,2026-03-18T17:06:38.208Z,E,1340,1338.8799,21470046,AmbientSamplingRFC
0000000018-4324-mfc-nz,0000000009-1625-oms-nz,2026-03-18T17:06:39.217Z,E,1340,1340.64,21470046,AmbientSamplingRFC
0000000018-4324-mfc-nz,0000000009-1625-oms-nz,2026-03-18T17:06:40.227Z,E,1340,1339.7601,21470046,AmbientSamplingRFC
0000000018-4324-mfc-nz,0000000009-1625-oms-nz,2026-03-18T17:06:41.235Z,E,1340,1339.4399,21470046,AmbientSamplingRFC
0000000018-4324-mfc-nz,0000000009-1625-oms-nz,2026-03-18T17:06:42.244Z,E,1340,1340.64,21470046,AmbientSamplingRFC
0000000018-4324-mfc-nz,0000000009-1625-oms-nz,2026-03-18T17:06:43.253Z,E,1340,1340.24,21470046,AmbientSamplingRFC
0000000018-4324-mfc-nz,0000000009-1625-oms-nz,2026-03-18T17:06:44.261Z,E,1340,1339.36,21470046,AmbientSamplingRFC
0000000018-4324-mfc-nz,0000000009-1625-oms-nz,2026-03-18T17:06:45.269Z,E,1340,1339.7598,21470046,AmbientSamplingRFC
0000000018-4324-mfc-nz,0000000009-1625-oms-nz,2026-03-18T17:06:46.278Z,E,1340,1339.2799,21470046,AmbientSamplingRFC
0000000018-4324-mfc-nz,0000000009-1625-oms-nz,2026-03-18T17:06:47.287Z,E,1340,1339.6001,21470046,AmbientSamplingRFC
0000000018-4324-mfc-nz,0000000009-1625-oms-nz,2026-03-18T17:06:48.295Z,E,1340,1339.3597,21470046,AmbientSamplingRFC
0000000018-4324-mfc-nz,0000000009-1625-oms-nz,2026-03-18T17:06:49.305Z,E,1340,1340.3199,21470046,AmbientSamplingRFC
0000000018-4324-mfc-nz,0000000009-1625-oms-nz,2026-03-18T17:06:50.313Z,E,1340,1340.3199,21470046,AmbientSamplingRFC
0000000018-4324-mfc-nz,0000000009-1625-oms-nz,2026-03-18T17:06:51.322Z,E,1340,1340.4,21470046,AmbientSamplingRFC
0000000018-4324-mfc-nz,0000000009-1625-oms-nz,2026-03-18T17:06:52.330Z,E,1340,1340.8,21470046,AmbientSamplingRFC
0000000018-4324-mfc-nz,0000000009-1625-oms-nz,2026-03-18T17:06:53.339Z,E,1340,1340.24,21470046,AmbientSamplingRFC
0000000018-4324-mfc-nz,0000000009-1625-oms-nz,2026-03-18T17:06:54.350Z,E,1340,1338.96,21470046,BreathSampleCollection
0000000018-4324-mfc-nz,0000000009-1625-oms-nz,2026-03-18T17:06:55.356Z,E,1340,1339.5199,21470046,BreathSampleCollection
0000000018-4324-mfc-nz,0000000009-1625-oms-nz,2026-03-18T17:06:56.365Z,E,1340,1340.24,21470046,BreathSampleCollection
0000000018-4324-mfc-nz,0000000009-1625-oms-nz,2026-03-18T17:06:57.374Z,E,1340,1340.0001,21470046,BreathSampleCollection
0000000018-4324-mfc-nz,0000000009-1625-oms-nz,2026-03-18T17:06:58.383Z,E,1340,1339.4401,21470046,BreathSampleCollection
0000000018-4324-mfc-nz,0000000009-1625-oms-nz,2026-03-18T17:06:59.391Z,E,1340,1339.12,21470046,BreathSampleCollection
0000000018-4324-mfc-nz,0000000009-1625-oms-nz,2026-03-18T17:07:00.400Z,E,1340,1340.7998,21470046,BreathSampleCollection
0000000018-4324-mfc-nz,0000000009-1625-oms-nz,2026-03-18T17:07:01.409Z,E,1340,1339.2799,21470046,BreathSampleCollection
0000000018-4324-mfc-nz,0000000009-1625-oms-nz,2026-03-18T17:07:02.418Z,E,1340,1340.64,21470046,FeNOWindow
0000000018-4324-mfc-nz,0000000009-1625-oms-nz,2026-03-18T17:07:03.427Z,E,1340,1339.36,21470046,FeNOWindow
0000000018-4324-mfc-nz,0000000009-1625-oms-nz,2026-03-18T17:07:04.435Z,E,1340,1340.16,21470046,FeNOWindow
0000000018-4324-mfc-nz,0000000009-1625-oms-nz,2026-03-18T17:07:05.444Z,E,1340,1340.24,21470046,FeNOWindow
0000000018-4324-mfc-nz,0000000009-1625-oms-nz,2026-03-18T17:07:06.453Z,E,1340,1340.4,21470046,FeNOWindow
0000000018-4324-mfc-nz,0000000009-1625-oms-nz,2026-03-18T17:07:07.462Z,E,1340,1338.8798,21470046,FeNOMeasurement
0000000018-4324-mfc-nz,0000000009-1625-oms-nz,2026-03-18T17:07:08.470Z,E,1340,1340.3201,21470046,FeNOMeasurement
0000000018-4324-mfc-nz,0000000009-1625-oms-nz,2026-03-18T17:07:09.479Z,E,1340,1340.24,21470046,FeNOMeasurement
0000000018-4324-mfc-nz,0000000009-1625-oms-nz,2026-03-18T17:07:10.488Z,E,1340,1340.24,21470046,FeNOMeasurement
0000000018-4324-mfc-nz,0000000009-1625-oms-nz,2026-03-18T17:07:11.497Z,E,1340,1339.7601,21470046,FeNOMeasurement
0000000018-4324-mfc-nz,0000000009-1625-oms-nz,2026-03-18T17:07:12.505Z,E,1340,1339.6001,21470046,FeNOMeasurement
0000000018-4324-mfc-nz,0000000009-1625-oms-nz,2026-03-18T17:07:13.513Z,E,1340,1340.7998,21470046,FeNOMeasurement
0000000018-4324-mfc-nz,0000000009-1625-oms-nz,2026-03-18T17:07:14.523Z,E,1340,1340.3199,21470046,FeNOMeasurement
0000000018-4324-mfc-nz,0000000009-1625-oms-nz,2026-03-18T17:07:15.531Z,E,1340,1339.7601,21470046,FeNOMeasurement
0000000018-4324-mfc-nz,0000000009-1625-oms-nz,2026-03-18T17:07:16.540Z,E,1340,1338.3999,21470046,FeNOMeasurement
0000000018-4324-mfc-nz,0000000009-1625-oms-nz,2026-03-18T17:07:17.550Z,E,1340,1339.5199,21470046,FeNOMeasurement
0000000018-4324-mfc-nz,0000000009-1625-oms-nz,2026-03-18T17:07:18.557Z,E,1340,1339.7601,21470046,FeNOMeasurement
0000000018-4324-mfc-nz,0000000009-1625-oms-nz,2026-03-18T17:07:19.566Z,E,1340,1340.96,21470046,FeNOMeasurement
0000000018-4324-mfc-nz,0000000009-1625-oms-nz,2026-03-18T17:07:20.576Z,E,1340,1339.0402,21470046,FeNOMeasurement
0000000018-4324-mfc-nz,0000000009-1625-oms-nz,2026-03-18T17:07:21.584Z,E,1340,1341.28,21470046,FeNOMeasurement
0000000018-4324-mfc-nz,0000000009-1625-oms-nz,2026-03-18T17:07:22.593Z,E,1340,1339.12,21470046,FeNOMeasurement
0000000018-4324-mfc-nz,0000000009-1625-oms-nz,2026-03-18T17:07:23.601Z,E,1340,1339.4401,21470046,FeNOMeasurement
0000000018-4324-mfc-nz,0000000009-1625-oms-nz,2026-03-18T17:07:24.610Z,E,1340,1340.5601,21470046,FeNOMeasurement
0000000018-4324-mfc-nz,0000000009-1625-oms-nz,2026-03-18T17:07:25.619Z,E,1340,1339.5997,21470046,FeNOMeasurement
0000000018-4324-mfc-nz,0000000009-1625-oms-nz,2026-03-18T17:07:26.627Z,E,1340,1339.4399,21470046,FeNOMeasurement
0000000018-4324-mfc-nz,0000000009-1625-oms-nz,2026-03-18T17:07:27.636Z,E,1340,1340.1599,21470046,FeNOMeasurement
0000000018-4324-mfc-nz,0000000009-1625-oms-nz,2026-03-18T17:07:28.645Z,E,1340,1339.1998,21470046,FeNOMeasurement
0000000018-4324-mfc-nz,0000000009-1625-oms-nz,2026-03-18T17:07:29.654Z,E,1340,1339.6001,21470046,FeNOMeasurement
0000000018-4324-mfc-nz,0000000009-1625-oms-nz,2026-03-18T17:07:30.662Z,E,1340,1339.9199,21470046,FeNOMeasurement
0000000018-4324-mfc-nz,0000000009-1625-oms-nz,2026-03-18T17:07:31.671Z,E,1340,1339.4401,21470046,FeNOMeasurement
0000000018-4324-mfc-nz,0000000009-1625-oms-nz,2026-03-18T17:07:32.680Z,E,1340,1340.0801,21470046,FeNOMeasurement
0000000018-4324-mfc-nz,0000000009-1625-oms-nz,2026-03-18T17:07:33.688Z,E,1340,1339.6801,21470046,FeNOMeasurement
0000000018-4324-mfc-nz,0000000009-1625-oms-nz,2026-03-18T17:07:34.697Z,E,1340,1338.7999,21470046,FeNOMeasurement
0000000018-4324-mfc-nz,0000000009-1625-oms-nz,2026-03-18T17:07:35.705Z,E,1340,1339.36,21470046,FeNOMeasurement
0000000018-4324-mfc-nz,0000000009-1625-oms-nz,2026-03-18T17:07:36.715Z,E,1340,1340.5601,21470046,FeNOMeasurement
0000000018-4324-mfc-nz,0000000009-1625-oms-nz,2026-03-18T17:07:37.725Z,E,1340,1339.9199,21470046,FeNOMeasurement
0000000018-4324-mfc-nz,0000000009-1625-oms-nz,2026-03-18T17:07:38.733Z,E,1400,1358.96,21470046,recoveryOff
0000000018-4324-mfc-nz,0000000009-1625-oms-nz,2026-03-18T17:07:39.741Z,E,1400,1399.52,21470046,recoveryOff
0000000018-4324-mfc-nz,0000000009-1625-oms-nz,2026-03-18T17:07:40.750Z,E,1400,1399.4401,21470046,recoveryOff
0000000018-4324-mfc-nz,0000000009-1625-oms-nz,2026-03-18T17:07:41.759Z,E,1400,1399.84,21470046,recoveryOff
0000000018-4324-mfc-nz,0000000009-1625-oms-nz,2026-03-18T17:07:42.767Z,E,1400,1400.6399,21470046,recoveryOff
0000000018-4324-mfc-nz,0000000009-1625-oms-nz,2026-03-18T17:07:43.775Z,E,1400,1399.36,21470046,recoveryOff
0000000018-4324-mfc-nz,0000000009-1625-oms-nz,2026-03-18T17:07:44.784Z,E,1400,1400.3199,21470046,recoveryOff
0000000018-4324-mfc-nz,0000000009-1625-oms-nz,2026-03-18T17:07:45.793Z,E,1400,1400.48,21470046,recoveryOff
0000000018-4324-mfc-nz,0000000009-1625-oms-nz,2026-03-18T17:07:46.801Z,E,1400,1400.0,21470046,recoveryOff
0000000018-4324-mfc-nz,0000000009-1625-oms-nz,2026-03-18T17:07:47.811Z,E,1400,1401.36,21470046,recoveryOff
0000000018-4324-mfc-nz,0000000009-1625-oms-nz,2026-03-18T17:07:48.819Z,E,1400,1400.9601,21470046,recoveryOff
0000000018-4324-mfc-nz,0000000009-1625-oms-nz,2026-03-18T17:07:49.828Z,E,1400,1399.92,21470046,recoveryOff
0000000018-4324-mfc-nz,0000000009-1625-oms-nz,2026-03-18T17:07:50.837Z,E,1400,1400.48,21470046,recoveryOff
0000000018-4324-mfc-nz,0000000009-1625-oms-nz,2026-03-18T17:07:51.846Z,E,1400,1399.7599,21470046,recoveryOff
0000000018-4324-mfc-nz,0000000009-1625-oms-nz,2026-03-18T17:07:52.854Z,E,1400,1400.4001,21470046,recoveryOff
0000000018-4324-mfc-nz,0000000009-1625-oms-nz,2026-03-18T17:07:53.863Z,E,1400,1400.0801,21470046,recoveryOff
0000000018-4324-mfc-nz,0000000009-1625-oms-nz,2026-03-18T17:07:54.872Z,E,1400,1398.64,21470046,recoveryOff
0000000018-4324-mfc-nz,0000000009-1625-oms-nz,2026-03-18T17:07:55.880Z,E,1400,1400.2397,21470046,recoveryOff
0000000018-4324-mfc-nz,0000000009-1625-oms-nz,2026-03-18T17:07:56.890Z,E,1400,1399.7599,21470046,recoveryOff
0000000018-4324-mfc-nz,0000000009-1625-oms-nz,2026-03-18T17:07:57.898Z,E,1400,1399.2,21470046,recoveryOff
0000000018-4324-mfc-nz,0000000009-1625-oms-nz,2026-03-18T17:07:58.908Z,E,1400,1400.16,21470046,recoveryOff
0000000018-4324-mfc-nz,0000000009-1625-oms-nz,2026-03-18T17:07:59.915Z,E,1400,1400.3201,21470046,recoveryOff
0000000018-4324-mfc-nz,0000000009-1625-oms-nz,2026-03-18T17:08:00.924Z,E,1400,1400.5598,21470046,recoveryOff
0000000018-4324-mfc-nz,0000000009-1625-oms-nz,2026-03-18T17:08:01.933Z,E,1400,1399.52,21470046,recoveryOff
0000000018-4324-mfc-nz,0000000009-1625-oms-nz,2026-03-18T17:08:02.942Z,E,1400,1400.5598,21470046,recoveryOff
0000000018-4324-mfc-nz,0000000009-1625-oms-nz,2026-03-18T17:08:03.950Z,E,1400,1399.84,21470046,recoveryOff
0000000018-4324-mfc-nz,0000000009-1625-oms-nz,2026-03-18T17:08:04.959Z,E,1400,1400.0001,21470046,recoveryOff
0000000018-4324-mfc-nz,0000000009-1625-oms-nz,2026-03-18T17:08:05.968Z,E,1400,1400.3999,21470046,recoveryOff
0000000018-4324-mfc-nz,0000000009-1625-oms-nz,2026-03-18T17:08:06.976Z,E,1400,1400.0801,21470046,recoveryOff
0000000018-4324-mfc-nz,0000000009-1625-oms-nz,2026-03-18T17:08:07.986Z,E,1400,1399.36,21470046,recoveryOff
0000000018-4324-mfc-nz,0000000009-1625-oms-nz,2026-03-18T17:08:08.995Z,E,1400,1400.8,21470046,recoveryOff
0000000018-4324-mfc-nz,0000000009-1625-oms-nz,2026-03-18T17:08:10.003Z,E,1400,1399.36,21470046,recoveryOff
0000000018-4324-mfc-nz,0000000009-1625-oms-nz,2026-03-18T17:08:11.011Z,E,1400,1400.48,21470046,recoveryOff
0000000018-4324-mfc-nz,0000000009-1625-oms-nz,2026-03-18T17:08:12.020Z,E,1400,1399.92,21470046,recoveryOff
0000000018-4324-mfc-nz,0000000009-1625-oms-nz,2026-03-18T17:08:13.029Z,E,1400,1399.5199,21470046,recoveryOff
0000000018-4324-mfc-nz,0000000009-1625-oms-nz,2026-03-18T17:08:14.038Z,E,1400,1400.3201,21470046,recoveryOff
0000000018-4324-mfc-nz,0000000009-1625-oms-nz,2026-03-18T17:08:15.046Z,E,1400,1399.5199,21470046,recoveryOff
0000000018-4324-mfc-nz,0000000009-1625-oms-nz,2026-03-18T17:08:16.056Z,E,1400,1400.3999,21470046,recoveryOff
0000000018-4324-mfc-nz,0000000009-1625-oms-nz,2026-03-18T17:08:17.064Z,E,1400,1398.96,21470046,recoveryOff
0000000018-4324-mfc-nz,0000000009-1625-oms-nz,2026-03-18T17:08:18.072Z,E,1400,1400.8801,21470046,recoveryOff
0000000018-4324-mfc-nz,0000000009-1625-oms-nz,2026-03-18T17:08:19.081Z,E,1400,1400.2397,21470046,recoveryOff
0000000018-4324-mfc-nz,0000000009-1625-oms-nz,2026-03-18T17:08:20.090Z,E,1400,1398.3999,21470046,recoveryOff
0000000018-4324-mfc-nz,0000000009-1625-oms-nz,2026-03-18T17:08:21.100Z,E,1400,1400.7198,21470046,recoveryOff
0000000018-4324-mfc-nz,0000000009-1625-oms-nz,2026-03-18T17:08:22.107Z,E,1400,1401.5199,21470046,recoveryOff
0000000018-4324-mfc-nz,0000000009-1625-oms-nz,2026-03-18T17:08:23.116Z,E,1400,1399.0399,21470046,recoveryOff
0000000018-4324-mfc-nz,0000000009-1625-oms-nz,2026-03-18T17:08:24.125Z,E,1400,1401.6799,21470046,recoveryOff
0000000018-4324-mfc-nz,0000000009-1625-oms-nz,2026-03-18T17:08:25.134Z,E,1400,1398.9601,21470046,recoveryOff
0000000018-4324-mfc-nz,0000000009-1625-oms-nz,2026-03-18T17:08:26.143Z,E,1400,1398.64,21470046,recoveryOff
0000000018-4324-mfc-nz,0000000009-1625-oms-nz,2026-03-18T17:08:27.151Z,E,1400,1400.7999,21470046,recoveryOff
0000000018-4324-mfc-nz,0000000009-1625-oms-nz,2026-03-18T17:08:28.159Z,E,1400,1400.0801,21470046,recoveryOff
0000000018-4324-mfc-nz,0000000009-1625-oms-nz,2026-03-18T17:08:29.169Z,E,1400,1400.64,21470046,recoveryOff
0000000018-4324-mfc-nz,0000000009-1625-oms-nz,2026-03-18T17:08:30.178Z,E,1400,1400.3199,21470046,recoveryOff
0000000018-4324-mfc-nz,0000000009-1625-oms-nz,2026-03-18T17:08:31.186Z,E,1400,1400.0801,21470046,recoveryOff
0000000018-4324-mfc-nz,0000000009-1625-oms-nz,2026-03-18T17:08:32.195Z,E,1400,1399.5199,21470046,recoveryOff
0000000018-4324-mfc-nz,0000000009-1625-oms-nz,2026-03-18T17:08:33.204Z,E,1400,1399.4398,21470046,recoveryOff
0000000018-4324-mfc-nz,0000000009-1625-oms-nz,2026-03-18T17:08:34.212Z,E,1400,1399.92,21470046,recoveryOff
0000000018-4324-mfc-nz,0000000009-1625-oms-nz,2026-03-18T17:08:35.221Z,E,1400,1399.7599,21470046,recoveryOff
0000000018-4324-mfc-nz,0000000009-1625-oms-nz,2026-03-18T17:08:36.230Z,E,1400,1400.0801,21470046,recoveryOff
0000000018-4324-mfc-nz,0000000009-1625-oms-nz,2026-03-18T17:08:37.239Z,E,1400,1399.0399,21470046,recoveryOff
0000000018-4324-mfc-nz,0000000009-1625-oms-nz,2026-03-18T17:08:38.247Z,E,1400,1399.0399,21470046,recoveryOff
0000000018-4324-mfc-nz,0000000009-1625-oms-nz,2026-03-18T17:08:39.257Z,E,1400,1400.5598,21470046,recoveryOff
0000000018-4324-mfc-nz,0000000009-1625-oms-nz,2026-03-18T17:08:40.264Z,E,0,25.6,21470046,End
0000000018-4324-mfc-nz,0000000009-1625-oms-nz,2026-03-18T17:08:41.273Z,E,0,1.12,21470046,End
0000000018-4324-mfc-nz,0000000009-1625-oms-nz,2026-03-18T17:08:42.281Z,E,0,0.48,21470046,End
